{"cameraMode":{"drawMode":0,"name":"Shaded","section":"Shading Mode"},"sceneLighting":false,"audioPlay":false,"sceneViewState":{"m_AlwaysRefresh":false,"showFog":false,"showSkybox":false,"showFlares":false,"showImageEffects":false,"showParticleSystems":false,"showVisualEffectGraphs":true,"m_FxEnabled":true},"in2DMode":false,"pivot":{"x":-0.0005866289138793945,"y":1.3882464170455933,"z":0.01280069351196289},"rotation":{"x":0.016499478369951249,"y":0.005999328102916479,"z":-0.00009889812645269558,"w":0.999849796295166},"size":1.722574234008789,"orthographic":false}