{"cameraMode":{"drawMode":0,"name":"Shaded","section":"Shading Mode"},"sceneLighting":false,"audioPlay":false,"sceneViewState":{"m_AlwaysRefresh":false,"showFog":false,"showSkybox":false,"showFlares":false,"showImageEffects":false,"showParticleSystems":false,"showVisualEffectGraphs":true,"m_FxEnabled":true},"in2DMode":false,"pivot":{"x":0.0009076637797988951,"y":0.8087774515151978,"z":0.029403898864984514},"rotation":{"x":0.016499478369951249,"y":0.005999328102916479,"z":-0.00009889812645269558,"w":0.999849796295166},"size":0.8093122839927673,"orthographic":false}