{"cameraMode":{"drawMode":0,"name":"Shaded","section":"Shading Mode"},"sceneLighting":false,"audioPlay":false,"sceneViewState":{"m_AlwaysRefresh":false,"showFog":false,"showSkybox":false,"showFlares":false,"showImageEffects":false,"showParticleSystems":false,"showVisualEffectGraphs":true,"m_FxEnabled":true},"in2DMode":false,"pivot":{"x":-0.6375665664672852,"y":0.5968793630599976,"z":-1.495229721069336},"rotation":{"x":0.005443683825433254,"y":0.9903759956359863,"z":-0.13233555853366853,"w":0.04085477069020271},"size":1.2647335529327393,"orthographic":false}