{"cameraMode":{"drawMode":0,"name":"Shaded","section":"Shading Mode"},"sceneLighting":false,"audioPlay":false,"sceneViewState":{"m_AlwaysRefresh":false,"showFog":false,"showSkybox":false,"showFlares":false,"showImageEffects":false,"showParticleSystems":false,"showVisualEffectGraphs":true,"m_FxEnabled":true},"in2DMode":false,"pivot":{"x":0.012109458446502686,"y":1.3673553466796876,"z":0.04862368106842041},"rotation":{"x":0.17902903258800507,"y":-0.0026606658939272167,"z":0.00048408497241325676,"w":0.9838405847549439},"size":2.0479094982147219,"orthographic":false}