{"cameraMode":{"drawMode":0,"name":"Shaded","section":"Shading Mode"},"sceneLighting":false,"audioPlay":false,"sceneViewState":{"m_AlwaysRefresh":false,"showFog":false,"showSkybox":false,"showFlares":false,"showImageEffects":false,"showParticleSystems":false,"showVisualEffectGraphs":true,"m_FxEnabled":true},"in2DMode":false,"pivot":{"x":-0.1784847229719162,"y":1.848099946975708,"z":-2.2479329109191896},"rotation":{"x":0.0005140265566296876,"y":-0.9977991580963135,"z":0.06595098972320557,"w":0.0077796014957129959},"size":2.188322067260742,"orthographic":false}