{"cameraMode":{"drawMode":0,"name":"Shaded","section":"Shading Mode"},"sceneLighting":false,"audioPlay":false,"sceneViewState":{"m_AlwaysRefresh":false,"showFog":false,"showSkybox":false,"showFlares":false,"showImageEffects":false,"showParticleSystems":false,"showVisualEffectGraphs":true,"m_FxEnabled":true},"in2DMode":false,"pivot":{"x":-0.44727322459220889,"y":2.02164626121521,"z":0.5069454908370972},"rotation":{"x":-0.0016360895242542029,"y":-0.9905912280082703,"z":0.13636459410190583,"w":-0.011892195791006089},"size":0.7018166184425354,"orthographic":false}